Citation,Auteur,Description,Photo
"Le Web ne devrait pas simplement connecter des machines, il doit connecter les gens.",Tim Berners-Lee,Inventeur du World Wide Web,Sir_Tim_Berners-Lee.jpg
La technologie seule n'est pas suffisante. Il faut marier la technologie avec les sciences humaines et les sciences sociales pour que cette technologie soit réellement utile.,Steve Jobs,"Co-fondateur d'Apple Inc., entrepreneur et inventeur",Steve_Jobs.jpg
"Le plus gros risque, c'est de ne pas prendre de risque. Dans un monde qui change très rapidement, la seule stratégie qui est garantie d'échouer est de ne pas prendre de risques.",Mark Zuckerberg,Co-fondateur et PDG de Facebook,Mark_Zuckerberg.jpg
Toujours livrer plus que ce qui est attendu.,Larry Page,"Co-fondateur de Google, entrepreneur",Larry_Page.jpg
"Quand quelque chose est suffisamment important, vous le faites même si les chances ne sont pas en votre faveur.",Elon Musk,"Entrepreneur, fondateur de SpaceX et Tesla Motors",Elon_Musk_Royal_Society.jpg
Le logiciel est une grande combinaison entre l'art et l'ingénierie.,Bill Gates,"Co-fondateur de Microsoft, philanthrope",Bill_Gates.jpg
Je suis plus que jamais convaincue que les machines peuvent être nos partenaires dans le développement de nouvelles formes de connaissances.,Ada Lovelace,Pionnière de la programmation informatique,Ada_Lovelace_portrait.jpg
Un grand programmeur est quelqu'un qui trouve toujours une manière de faire les choses.,Jeff Atwood,"Co-fondateur de Stack Overflow, auteur et blogueur",Jeff_Atwood.jpg
La seule manière de faire du bon travail est d'aimer ce que vous faites.,Linus Torvalds,Créateur de Linux et Git,Linus_Torvalds.jpeg
Le plus dangereux des mots est 'on a toujours fait comme ça'.,Grace Hopper,"Informaticienne et officière de marine américaine, pionnière de la programmation informatique",Grace_Hopper.jpg